id,lon,lat,x_twd97,y_twd97,position
5,121.5,25.25,300367,2793562,North
6,121.55,25.25,305404,2793581,North
7,121.6,25.25,310441,2793603,North
10,121.45,25.2,295349,2788006,North
11,121.5,25.2,300388,2788023,North
12,121.55,25.2,305427,2788043,North
13,121.6,25.2,310466,2788065,North
14,121.65,25.2,315505,2788088,North
18,121.4,25.15,290327,2782451,North
19,121.45,25.15,295367,2782467,North
20,121.5,25.15,300408,2782485,North
21,121.55,25.15,305449,2782505,North
22,121.6,25.15,310490,2782526,North
23,121.65,25.15,315532,2782549,North
24,121.7,25.15,320573,2782575,North
25,121.75,25.15,325614,2782602,North
31,121.2,25.1,270171,2776868,North
32,121.25,25.1,275214,2776877,North
33,121.3,25.1,280257,2776887,North
34,121.35,25.1,285300,2776899,North
35,121.4,25.1,290343,2776913,North
36,121.45,25.1,295386,2776929,North
37,121.5,25.1,300429,2776947,North
38,121.55,25.1,305472,2776966,North
39,121.6,25.1,310515,2776988,North
40,121.65,25.1,315558,2777011,North
41,121.7,25.1,320601,2777036,North
42,121.75,25.1,325644,2777063,North
43,121.8,25.1,330688,2777092,North
44,121.85,25.1,335731,2777123,North
45,121.9,25.1,340774,2777156,North
47,121.1,25.05,260089,2771319,North
48,121.15,25.05,265134,2771324,North
49,121.2,25.05,270179,2771330,North
50,121.25,25.05,275224,2771338,North
51,121.3,25.05,280269,2771349,North
52,121.35,25.05,285314,2771361,North
53,121.4,25.05,290359,2771375,North
54,121.45,25.05,295404,2771391,North
55,121.5,25.05,300449,2771408,North
56,121.55,25.05,305495,2771428,North
57,121.6,25.05,310540,2771449,North
58,121.65,25.05,315585,2771473,North
59,121.7,25.05,320630,2771498,North
60,121.75,25.05,325675,2771525,North
61,121.8,25.05,330720,2771554,North
62,121.85,25.05,335766,2771585,North
63,121.9,25.05,340811,2771617,North
68,121.1,25,260094,2765781,North
69,121.15,25,265141,2765785,North
70,121.2,25,270188,2765792,North
71,121.25,25,275235,2765800,North
72,121.3,25,280282,2765811,North
73,121.35,25,285329,2765823,North
74,121.4,25,290376,2765837,North
75,121.45,25,295423,2765852,North
76,121.5,25,300470,2765870,North
77,121.55,25,305517,2765890,North
78,121.6,25,310564,2765911,North
79,121.65,25,315611,2765934,North
80,121.7,25,320659,2765959,North
81,121.75,25,325706,2765986,North
82,121.8,25,330753,2766015,North
83,121.85,25,335801,2766046,North
84,121.9,25,340848,2766079,North
85,121.95,25,345895,2766113,North
86,122,25,350943,2766149,North
88,121,24.95,250000,2760239,North
89,121.05,24.95,255049,2760240,North
90,121.1,24.95,260098,2760243,North
91,121.15,24.95,265147,2760247,North
92,121.2,24.95,270196,2760254,North
93,121.25,24.95,275245,2760262,North
94,121.3,24.95,280294,2760272,North
95,121.35,24.95,285343,2760285,North
96,121.4,24.95,290392,2760298,North
97,121.45,24.95,295441,2760314,North
98,121.5,24.95,300490,2760332,North
99,121.55,24.95,305539,2760351,North
100,121.6,24.95,310589,2760373,North
101,121.65,24.95,315638,2760396,North
102,121.7,24.95,320687,2760421,North
103,121.75,24.95,325737,2760448,North
104,121.8,24.95,330786,2760477,North
105,121.85,24.95,335835,2760508,North
106,121.9,24.95,340885,2760540,North
108,121,24.9,250000,2754701,North
109,121.05,24.9,255051,2754702,North
110,121.1,24.9,260102,2754705,North
111,121.15,24.9,265153,2754709,North
112,121.2,24.9,270204,2754716,North
113,121.25,24.9,275255,2754724,North
114,121.3,24.9,280306,2754734,North
115,121.35,24.9,285357,2754746,North
116,121.4,24.9,290408,2754760,North
117,121.45,24.9,295459,2754776,North
118,121.5,24.9,300511,2754794,North
119,121.55,24.9,305562,2754813,North
120,121.6,24.9,310613,2754835,North
121,121.65,24.9,315664,2754858,North
122,121.7,24.9,320716,2754883,North
123,121.75,24.9,325767,2754910,North
124,121.8,24.9,330818,2754939,North
125,121.85,24.9,335870,2754969,North
127,120.95,24.85,244946,2749164,North
128,121,24.85,250000,2749163,North
129,121.05,24.85,255053,2749164,North
130,121.1,24.85,260106,2749167,North
131,121.15,24.85,265159,2749171,North
132,121.2,24.85,270212,2749178,North
133,121.25,24.85,275265,2749186,North
134,121.3,24.85,280318,2749196,North
135,121.35,24.85,285371,2749208,North
136,121.4,24.85,290425,2749222,North
137,121.45,24.85,295478,2749238,North
138,121.5,24.85,300531,2749256,North
139,121.55,24.85,305584,2749275,North
140,121.6,24.85,310638,2749296,North
141,121.65,24.85,315691,2749320,North
142,121.7,24.85,320744,2749345,North
143,121.75,24.85,325798,2749371,North
144,121.8,24.85,330851,2749400,North
146,120.95,24.8,244944,2743626,North
147,121,24.8,250000,2743625,North
148,121.05,24.8,255055,2743626,North
149,121.1,24.8,260110,2743629,North
150,121.15,24.8,265165,2743633,North
151,121.2,24.8,270220,2743640,North
152,121.25,24.8,275275,2743648,North
153,121.3,24.8,280330,2743658,North
154,121.35,24.8,285386,2743670,North
155,121.4,24.8,290441,2743684,North
156,121.45,24.8,295496,2743700,North
157,121.5,24.8,300551,2743718,North
158,121.55,24.8,305607,2743737,North
159,121.6,24.8,310662,2743758,North
160,121.65,24.8,315717,2743781,North
161,121.7,24.8,320773,2743806,North
164,120.95,24.75,244942,2738088,North
165,121,24.75,250000,2738087,North
166,121.05,24.75,255057,2738088,North
167,121.1,24.75,260114,2738091,North
168,121.15,24.75,265171,2738095,North
169,121.2,24.75,270228,2738102,North
170,121.25,24.75,275285,2738110,North
171,121.3,24.75,280343,2738120,North
172,121.35,24.75,285400,2738132,North
173,121.4,24.75,290457,2738146,North
174,121.45,24.75,295514,2738162,North
175,121.5,24.75,300572,2738179,North
176,121.55,24.75,305629,2738199,North
178,120.85,24.7,234822,2732557,North
179,120.9,24.7,239881,2732553,North
180,120.95,24.7,244940,2732550,North
181,121,24.7,250000,2732549,North
182,121.05,24.7,255059,2732550,North
183,121.1,24.7,260118,2732553,North
184,121.15,24.7,265177,2732557,North
185,121.2,24.7,270236,2732564,North
186,121.25,24.7,275295,2732572,North
187,121.3,24.7,280355,2732582,North
188,121.35,24.7,285414,2732594,North
195,120.8,24.65,229755,2727026,North
196,120.85,24.65,234816,2727020,North
197,120.9,24.65,239877,2727015,North
198,120.95,24.65,244938,2727012,North
199,121,24.65,250000,2727011,North
200,121.05,24.65,255061,2727012,North
201,121.1,24.65,260122,2727015,North
202,121.15,24.65,265183,2727020,North
203,121.2,24.65,270244,2727026,North
204,121.25,24.65,275306,2727034,North
211,120.75,24.6,224683,2721497,North
212,120.8,24.6,229747,2721488,North
213,120.85,24.6,234810,2721482,North
214,120.9,24.6,239873,2721477,North
215,120.95,24.6,244936,2721474,North
216,121,24.6,250000,2721474,North
217,121.05,24.6,255063,2721474,North
218,121.1,24.6,260126,2721477,North
219,121.15,24.6,265189,2721482,North
220,121.2,24.6,270252,2721488,North
221,121.25,24.6,275316,2721497,North
226,120.7,24.55,219608,2715969,North
227,120.75,24.55,224673,2715959,North
228,120.8,24.55,229739,2715950,North
229,120.85,24.55,234804,2715944,North
230,120.9,24.55,239869,2715939,North
231,120.95,24.55,244934,2715937,North
232,121,24.55,250000,2715936,North
242,120.7,24.5,219596,2710431,North
243,120.75,24.5,224663,2710421,North
244,120.8,24.5,229731,2710413,North
245,120.85,24.5,234798,2710406,North
246,120.9,24.5,239865,2710402,North
247,120.95,24.5,244932,2710399,North
248,121,24.5,250000,2710398,North
260,120.65,24.45,214515,2704905,North
261,120.7,24.45,219584,2704893,North
262,120.75,24.45,224653,2704883,North
263,120.8,24.45,229723,2704875,North
264,120.85,24.45,234792,2704869,North
265,120.9,24.45,239861,2704864,North
266,120.95,24.45,244930,2704861,North
267,121,24.45,250000,2704860,North
278,120.6,24.4,209429,2699381,Center
279,120.65,24.4,214501,2699367,Center
281,120.7,24.4,219572,2699356,Center
283,120.75,24.4,224643,2699345,North
284,120.8,24.4,229715,2699337,North
285,120.85,24.4,234786,2699331,North
286,120.9,24.4,239857,2699326,North
287,120.95,24.4,244928,2699324,North
288,121,24.4,250000,2699323,North
300,120.55,24.35,204340,2693859,Center
301,120.6,24.35,209413,2693843,Center
302,120.65,24.35,214487,2693830,Center
303,120.7,24.35,219560,2693818,Center
306,120.75,24.35,224633,2693808,North
307,120.8,24.35,229707,2693800,North
308,120.85,24.35,234780,2693793,North
310,120.9,24.35,239853,2693789,North
312,120.95,24.35,244926,2693786,North
314,121,24.35,250000,2693785,North
328,120.55,24.3,204322,2688321,Center
329,120.6,24.3,209398,2688306,Center
330,120.65,24.3,214473,2688292,Center
331,120.7,24.3,219548,2688280,Center
332,120.75,24.3,224623,2688270,Center
334,120.8,24.3,229699,2688262,Center
336,120.85,24.3,234774,2688256,Center
338,120.9,24.3,239849,2688251,Center
340,120.95,24.3,244924,2688248,Center
341,121,24.3,250000,2688247,Center
355,120.5,24.25,199227,2682801,Center
356,120.55,24.25,204304,2682784,Center
357,120.6,24.25,209382,2682768,Center
358,120.65,24.25,214459,2682754,Center
359,120.7,24.25,219536,2682743,Center
360,120.75,24.25,224613,2682733,Center
361,120.8,24.25,229691,2682724,Center
362,120.85,24.25,234768,2682718,Center
363,120.9,24.25,239845,2682714,Center
364,120.95,24.25,244922,2682711,Center
365,121,24.25,250000,2682710,Center
366,121.05,24.25,255077,2682711,Center
375,120.5,24.2,199207,2677263,Center
376,120.55,24.2,204287,2677246,Center
377,120.6,24.2,209366,2677230,Center
378,120.65,24.2,214445,2677217,Center
379,120.7,24.2,219524,2677205,Center
380,120.75,24.2,224604,2677195,Center
381,120.8,24.2,229683,2677187,Center
382,120.85,24.2,234762,2677181,Center
383,120.9,24.2,239841,2677176,Center
384,120.95,24.2,244920,2677173,Center
385,121,24.2,250000,2677172,Center
386,121.05,24.2,255079,2677173,Center
387,121.1,24.2,260158,2677176,Center
394,120.45,24.15,194106,2671745,Center
395,120.5,24.15,199187,2671726,Center
396,120.55,24.15,204269,2671708,Center
397,120.6,24.15,209350,2671693,Center
398,120.65,24.15,214431,2671679,Center
399,120.7,24.15,219512,2671668,Center
400,120.75,24.15,224594,2671658,Center
401,120.8,24.15,229675,2671649,Center
402,120.85,24.15,234756,2671643,Center
403,120.9,24.15,239837,2671638,Center
404,120.95,24.15,244918,2671636,Center
405,121,24.15,250000,2671635,Center
406,121.05,24.15,255081,2671636,Center
407,121.1,24.15,260162,2671638,Center
414,120.45,24.1,194084,2666207,Center
415,120.5,24.1,199168,2666188,Center
416,120.55,24.1,204251,2666171,Center
417,120.6,24.1,209334,2666155,Center
418,120.65,24.1,214417,2666142,Center
419,120.7,24.1,219501,2666130,Center
420,120.75,24.1,224584,2666120,Center
421,120.8,24.1,229667,2666112,Center
422,120.85,24.1,234750,2666106,Center
423,120.9,24.1,239833,2666101,Center
424,120.95,24.1,244916,2666098,Center
425,121,24.1,250000,2666097,Center
426,121.05,24.1,255083,2666098,Center
427,121.1,24.1,260166,2666101,Center
435,120.45,24.05,194063,2660669,Center
436,120.5,24.05,199148,2660650,Center
437,120.55,24.05,204233,2660633,Center
438,120.6,24.05,209318,2660618,Center
439,120.65,24.05,214404,2660604,Center
440,120.7,24.05,219489,2660593,Center
441,120.75,24.05,224574,2660583,Center
442,120.8,24.05,229659,2660574,Center
443,120.85,24.05,234744,2660568,Center
444,120.9,24.05,239829,2660564,Center
445,120.95,24.05,244914,2660561,Center
446,121,24.05,250000,2660560,Center
447,121.05,24.05,255085,2660561,Center
448,121.1,24.05,260170,2660564,Center
454,120.35,24,183867,2655175,Center
455,120.4,24,188954,2655153,Center
456,120.45,24,194041,2655132,Center
457,120.5,24,199128,2655113,Center
458,120.55,24,204215,2655096,Center
459,120.6,24,209303,2655080,Center
460,120.65,24,214390,2655067,Center
461,120.7,24,219477,2655055,Center
462,120.75,24,224564,2655045,Center
463,120.8,24,229651,2655037,Center
464,120.85,24,234738,2655031,Center
465,120.9,24,239825,2655026,Center
466,120.95,24,244912,2655024,Center
467,121,24,250000,2655023,Center
468,121.05,24,255087,2655024,Center
469,121.1,24,260174,2655026,Center
476,120.35,23.95,183841,2649638,Center
477,120.4,23.95,188930,2649615,Center
478,120.45,23.95,194019,2649594,Center
479,120.5,23.95,199109,2649575,Center
480,120.55,23.95,204198,2649558,Center
481,120.6,23.95,209287,2649543,Center
482,120.65,23.95,214376,2649529,Center
483,120.7,23.95,219465,2649518,Center
484,120.75,23.95,224554,2649508,Center
485,120.8,23.95,229643,2649500,Center
486,120.85,23.95,234732,2649493,Center
487,120.9,23.95,239821,2649489,Center
488,120.95,23.95,244910,2649486,Center
489,121,23.95,250000,2649485,Center
490,121.05,23.95,255089,2649486,Center
497,120.3,23.9,178724,2644124,Center
498,120.35,23.9,183815,2644100,Center
499,120.4,23.9,188907,2644078,Center
500,120.45,23.9,193998,2644057,Center
501,120.5,23.9,199089,2644038,Center
502,120.55,23.9,204180,2644021,Center
503,120.6,23.9,209271,2644006,Center
504,120.65,23.9,214362,2643992,Center
505,120.7,23.9,219453,2643980,Center
506,120.75,23.9,224544,2643970,Center
507,120.8,23.9,229635,2643962,Center
508,120.85,23.9,234726,2643956,Center
509,120.9,23.9,239817,2643952,Center
510,120.95,23.9,244908,2643949,Center
511,121,23.9,250000,2643948,Center
520,120.3,23.85,178697,2638587,Center
521,120.35,23.85,183790,2638563,Center
522,120.4,23.85,188883,2638540,Center
523,120.45,23.85,193976,2638519,Center
524,120.5,23.85,199069,2638501,Center
525,120.55,23.85,204163,2638483,Center
526,120.6,23.85,209256,2638468,Center
527,120.65,23.85,214349,2638455,Center
528,120.7,23.85,219442,2638443,Center
529,120.75,23.85,224535,2638433,Center
530,120.8,23.85,229628,2638425,Center
531,120.85,23.85,234721,2638419,Center
532,120.9,23.85,239814,2638414,Center
533,120.95,23.85,244907,2638412,Center
534,121,23.85,250000,2638411,Center
542,120.25,23.8,173574,2633075,Center
543,120.3,23.8,178670,2633049,Center
544,120.35,23.8,183765,2633025,Center
545,120.4,23.8,188860,2633003,Center
546,120.45,23.8,193955,2632982,Center
547,120.5,23.8,199050,2632963,Center
548,120.55,23.8,204145,2632946,Center
549,120.6,23.8,209240,2632931,Center
550,120.65,23.8,214335,2632917,Center
551,120.7,23.8,219430,2632906,Center
552,120.75,23.8,224525,2632896,Center
553,120.8,23.8,229620,2632888,Center
554,120.85,23.8,234715,2632882,Center
555,120.9,23.8,239810,2632877,Center
556,120.95,23.8,244905,2632874,Center
564,120.2,23.75,168448,2627566,Center
565,120.25,23.75,173545,2627538,Center
566,120.3,23.75,178642,2627512,Center
567,120.35,23.75,183739,2627488,Center
568,120.4,23.75,188836,2627465,Center
569,120.45,23.75,193933,2627445,Center
570,120.5,23.75,199030,2627426,Center
571,120.55,23.75,204127,2627409,Center
572,120.6,23.75,209224,2627394,Center
573,120.65,23.75,214321,2627380,Center
574,120.7,23.75,219418,2627369,Center
575,120.75,23.75,224515,2627359,Center
576,120.8,23.75,229612,2627351,Center
577,120.85,23.75,234709,2627344,Center
578,120.9,23.75,239806,2627340,Center
579,120.95,23.75,244903,2627337,Center
587,120.2,23.7,168417,2622028,Center
588,120.25,23.7,173516,2622000,Center
589,120.3,23.7,178615,2621974,Center
590,120.35,23.7,183714,2621950,Center
591,120.4,23.7,188813,2621928,Center
592,120.45,23.7,193912,2621907,Center
593,120.5,23.7,199011,2621889,Center
594,120.55,23.7,204110,2621872,Center
595,120.6,23.7,209209,2621856,Center
596,120.65,23.7,214308,2621843,Center
597,120.7,23.7,219407,2621831,Center
598,120.75,23.7,224505,2621821,Center
599,120.8,23.7,229604,2621813,Center
600,120.85,23.7,234703,2621807,Center
601,120.9,23.7,239802,2621803,Center
609,120.15,23.65,163285,2616520,Center
610,120.2,23.65,168386,2616491,Center
611,120.25,23.65,173487,2616463,Center
612,120.3,23.65,178588,2616437,Center
613,120.35,23.65,183689,2616413,Center
614,120.4,23.65,188790,2616391,Center
615,120.45,23.65,193891,2616370,Center
616,120.5,23.65,198992,2616351,Center
617,120.55,23.65,204092,2616334,Center
618,120.6,23.65,209193,2616319,Center
619,120.65,23.65,214294,2616306,Center
620,120.7,23.65,219395,2616294,Center
621,120.75,23.65,224496,2616284,Center
622,120.8,23.65,229596,2616276,Center
623,120.85,23.65,234697,2616270,Center
624,120.9,23.65,239798,2616266,Center
632,120.15,23.6,163252,2610983,Center
633,120.2,23.6,168355,2610953,Center
634,120.25,23.6,173458,2610925,Center
635,120.3,23.6,178561,2610900,Center
636,120.35,23.6,183664,2610876,Center
637,120.4,23.6,188767,2610853,Center
638,120.45,23.6,193869,2610833,Center
639,120.5,23.6,198972,2610814,Center
640,120.55,23.6,204075,2610797,Center
641,120.6,23.6,209178,2610782,Center
642,120.65,23.6,214281,2610769,Center
643,120.7,23.6,219383,2610757,Center
644,120.75,23.6,224486,2610747,Center
645,120.8,23.6,229589,2610739,Center
655,120.15,23.55,163219,2605445,Center
656,120.2,23.55,168324,2605416,Center
657,120.25,23.55,173429,2605388,Center
658,120.3,23.55,178534,2605362,Center
659,120.35,23.55,183639,2605338,Center
660,120.4,23.55,188743,2605316,Center
661,120.45,23.55,193848,2605296,Center
662,120.5,23.55,198953,2605277,Center
663,120.55,23.55,204058,2605260,Center
664,120.6,23.55,209162,2605245,Center
665,120.65,23.55,214267,2605231,Center
666,120.7,23.55,219372,2605220,Center
667,120.75,23.55,224476,2605210,Center
679,120.15,23.5,163186,2599908,Center
680,120.2,23.5,168293,2599878,Center
681,120.25,23.5,173400,2599851,Center
682,120.3,23.5,178507,2599825,Center
683,120.35,23.5,183613,2599801,Center
684,120.4,23.5,188720,2599779,Center
685,120.45,23.5,193827,2599758,Center
686,120.5,23.5,198934,2599740,Center
687,120.55,23.5,204040,2599723,Center
688,120.6,23.5,209147,2599708,Center
689,120.65,23.5,214254,2599694,Center
690,120.7,23.5,219360,2599683,Center
691,120.75,23.5,224467,2599673,Center
703,120.2,23.45,168262,2594341,Center
704,120.25,23.45,173371,2594313,Center
705,120.3,23.45,178480,2594288,Center
706,120.35,23.45,183588,2594264,Center
707,120.4,23.45,188697,2594242,Center
708,120.45,23.45,193806,2594221,Center
709,120.5,23.45,198914,2594203,Center
710,120.55,23.45,204023,2594186,Center
711,120.6,23.45,209132,2594171,Center
712,120.65,23.45,214240,2594157,Center
713,120.7,23.45,219349,2594146,Center
714,120.75,23.45,224457,2594136,Center
726,120.2,23.4,168231,2588804,Center
727,120.25,23.4,173342,2588776,Center
728,120.3,23.4,178453,2588751,Center
730,120.35,23.4,183563,2588727,Center
732,120.4,23.4,188674,2588704,Center
734,120.45,23.4,193785,2588684,Center
736,120.5,23.4,198895,2588665,Center
738,120.55,23.4,204006,2588649,Center
739,120.6,23.4,209116,2588634,Center
740,120.65,23.4,214227,2588620,Center
741,120.7,23.4,219337,2588609,Center
742,120.75,23.4,224448,2588599,Center
753,120.15,23.35,163088,2583296,South
754,120.2,23.35,168201,2583266,Center
756,120.25,23.35,173313,2583239,South
758,120.3,23.35,178426,2583213,South
759,120.35,23.35,183539,2583189,South
760,120.4,23.35,188651,2583167,South
761,120.45,23.35,193764,2583147,South
763,120.5,23.35,198876,2583128,South
765,120.55,23.35,203988,2583112,South
766,120.6,23.35,209101,2583097,Center
767,120.65,23.35,214213,2583083,Center
768,120.7,23.35,219326,2583072,Center
770,120.75,23.35,224438,2583062,South
781,120.15,23.3,163056,2577758,South
783,120.2,23.3,168170,2577729,South
785,120.25,23.3,173285,2577702,South
786,120.3,23.3,178399,2577676,South
787,120.35,23.3,183514,2577652,South
788,120.4,23.3,188628,2577630,South
789,120.45,23.3,193743,2577610,South
791,120.5,23.3,198857,2577591,South
793,120.55,23.3,203971,2577575,South
794,120.6,23.3,209086,2577560,Center
795,120.65,23.3,214200,2577546,Center
797,120.7,23.3,219314,2577535,Center
799,120.75,23.3,224428,2577525,Center
807,120.1,23.25,157907,2572252,South
808,120.15,23.25,163023,2572221,South
809,120.2,23.25,168140,2572192,South
810,120.25,23.25,173256,2572165,South
811,120.3,23.25,178372,2572139,South
812,120.35,23.25,183489,2572115,South
813,120.4,23.25,188605,2572093,South
814,120.45,23.25,193722,2572073,South
816,120.5,23.25,198838,2572054,South
818,120.55,23.25,203954,2572038,South
820,120.6,23.25,209070,2572023,South
822,120.65,23.25,214186,2572009,South
823,120.7,23.25,219303,2571998,South
824,120.75,23.25,224419,2571988,South
830,120.1,23.2,157872,2566715,South
831,120.15,23.2,162991,2566684,South
832,120.2,23.2,168109,2566655,South
833,120.25,23.2,173228,2566627,South
834,120.3,23.2,178346,2566602,South
835,120.35,23.2,183464,2566578,South
836,120.4,23.2,188582,2566556,South
837,120.45,23.2,193701,2566536,South
838,120.5,23.2,198819,2566517,South
840,120.55,23.2,203937,2566501,South
842,120.6,23.2,209055,2566486,South
843,120.65,23.2,214173,2566473,South
844,120.7,23.2,219291,2566461,South
845,120.75,23.2,224409,2566451,South
846,120.8,23.2,229527,2566444,South
850,120.1,23.15,157838,2561177,South
851,120.15,23.15,162958,2561147,South
852,120.2,23.15,168079,2561118,South
853,120.25,23.15,173199,2561090,South
854,120.3,23.15,178319,2561065,South
855,120.35,23.15,183439,2561041,South
856,120.4,23.15,188560,2561019,South
857,120.45,23.15,193680,2560999,South
858,120.5,23.15,198800,2560981,South
859,120.55,23.15,203920,2560964,South
860,120.6,23.15,209040,2560949,South
861,120.65,23.15,214160,2560936,South
862,120.7,23.15,219280,2560924,South
863,120.75,23.15,224400,2560915,South
864,120.8,23.15,229520,2560907,South
868,120.1,23.1,157804,2555640,South
869,120.15,23.1,162926,2555609,South
870,120.2,23.1,168048,2555580,South
871,120.25,23.1,173171,2555553,South
872,120.3,23.1,178293,2555528,South
873,120.35,23.1,183415,2555504,South
874,120.4,23.1,188537,2555482,South
875,120.45,23.1,193659,2555462,South
876,120.5,23.1,198781,2555444,South
877,120.55,23.1,203903,2555427,South
878,120.6,23.1,209025,2555412,South
879,120.65,23.1,214147,2555399,South
880,120.7,23.1,219268,2555388,South
881,120.75,23.1,224390,2555378,South
882,120.8,23.1,229512,2555370,South
885,120.05,23.05,152646,2550135,South
886,120.1,23.05,157770,2550103,South
887,120.15,23.05,162894,2550072,South
888,120.2,23.05,168018,2550043,South
889,120.25,23.05,173142,2550016,South
890,120.3,23.05,178266,2549991,South
891,120.35,23.05,183390,2549967,South
892,120.4,23.05,188514,2549945,South
893,120.45,23.05,193638,2549925,South
894,120.5,23.05,198762,2549907,South
895,120.55,23.05,203886,2549890,South
896,120.6,23.05,209009,2549875,South
897,120.65,23.05,214133,2549862,South
898,120.7,23.05,219257,2549851,South
899,120.75,23.05,224381,2549841,South
903,120.1,23,157736,2544566,South
904,120.15,23,162862,2544535,South
905,120.2,23,167988,2544506,South
906,120.25,23,173114,2544479,South
907,120.3,23,178240,2544454,South
908,120.35,23,183366,2544430,South
909,120.4,23,188491,2544408,South
910,120.45,23,193617,2544388,South
911,120.5,23,198743,2544370,South
912,120.55,23,203869,2544353,South
913,120.6,23,208994,2544339,South
914,120.65,23,214120,2544325,South
915,120.7,23,219246,2544314,South
916,120.75,23,224371,2544304,South
920,120.2,22.95,167958,2538969,South
921,120.25,22.95,173085,2538942,South
922,120.3,22.95,178213,2538917,South
923,120.35,22.95,183341,2538893,South
924,120.4,22.95,188469,2538872,South
925,120.45,22.95,193596,2538852,South
926,120.5,22.95,198724,2538833,South
927,120.55,22.95,203852,2538817,South
928,120.6,22.95,208979,2538802,South
929,120.65,22.95,214107,2538789,South
930,120.7,22.95,219234,2538777,South
931,120.75,22.95,224362,2538768,South
935,120.2,22.9,167928,2533432,South
936,120.25,22.9,173057,2533405,South
937,120.3,22.9,178187,2533380,South
938,120.35,22.9,183317,2533357,South
939,120.4,22.9,188446,2533335,South
940,120.45,22.9,193576,2533315,South
941,120.5,22.9,198705,2533296,South
942,120.55,22.9,203835,2533280,South
943,120.6,22.9,208964,2533265,South
944,120.65,22.9,214094,2533252,South
945,120.7,22.9,219223,2533241,South
946,120.75,22.9,224353,2533231,South
949,120.2,22.85,167897,2527895,South
950,120.25,22.85,173029,2527868,South
951,120.3,22.85,178161,2527843,South
952,120.35,22.85,183292,2527820,South
953,120.4,22.85,188424,2527798,South
954,120.45,22.85,193555,2527778,South
955,120.5,22.85,198686,2527760,South
956,120.55,22.85,203818,2527743,South
957,120.6,22.85,208949,2527728,South
958,120.65,22.85,214081,2527715,South
959,120.7,22.85,219212,2527704,South
964,120.25,22.8,173001,2522332,South
965,120.3,22.8,178134,2522306,South
966,120.35,22.8,183268,2522283,South
967,120.4,22.8,188401,2522261,South
968,120.45,22.8,193534,2522241,South
969,120.5,22.8,198668,2522223,South
970,120.55,22.8,203801,2522207,South
971,120.6,22.8,208934,2522192,South
972,120.65,22.8,214067,2522179,South
973,120.7,22.8,219201,2522168,South
978,120.25,22.75,172973,2516795,South
979,120.3,22.75,178108,2516770,South
980,120.35,22.75,183243,2516746,South
981,120.4,22.75,188379,2516725,South
982,120.45,22.75,193514,2516705,South
983,120.5,22.75,198649,2516686,South
984,120.55,22.75,203784,2516670,South
985,120.6,22.75,208919,2516655,South
986,120.65,22.75,214054,2516642,South
987,120.7,22.75,219189,2516631,South
992,120.25,22.7,172945,2511258,South
993,120.3,22.7,178082,2511233,South
994,120.35,22.7,183219,2511210,South
995,120.4,22.7,188356,2511188,South
996,120.45,22.7,193493,2511168,South
997,120.5,22.7,198630,2511150,South
998,120.55,22.7,203767,2511133,South
999,120.6,22.7,208904,2511119,South
1000,120.65,22.7,214041,2511106,South
1001,120.7,22.7,219178,2511095,South
1007,120.3,22.65,178056,2505696,South
1008,120.35,22.65,183195,2505673,South
1009,120.4,22.65,188334,2505651,South
1010,120.45,22.65,193473,2505631,South
1011,120.5,22.65,198612,2505613,South
1012,120.55,22.65,203751,2505597,South
1013,120.6,22.65,208889,2505582,South
1014,120.65,22.65,214028,2505569,South
1019,120.3,22.6,178030,2500160,South
1020,120.35,22.6,183171,2500136,South
1021,120.4,22.6,188312,2500115,South
1022,120.45,22.6,193452,2500095,South
1023,120.5,22.6,198593,2500077,South
1024,120.55,22.6,203734,2500060,South
1025,120.6,22.6,208875,2500046,South
1026,120.65,22.6,214015,2500033,South
1029,120.3,22.55,178004,2494623,South
1030,120.35,22.55,183147,2494600,South
1031,120.4,22.55,188289,2494578,South
1032,120.45,22.55,193432,2494558,South
1033,120.5,22.55,198575,2494540,South
1034,120.55,22.55,203717,2494524,South
1035,120.6,22.55,208860,2494509,South
1036,120.65,22.55,214002,2494496,South
1039,120.35,22.5,183123,2489063,South
1040,120.4,22.5,188267,2489042,South
1041,120.45,22.5,193412,2489022,South
1042,120.5,22.5,198556,2489004,South
1043,120.55,22.5,203700,2488987,South
1044,120.6,22.5,208845,2488973,South
1045,120.65,22.5,213989,2488960,South
1048,120.45,22.45,193391,2483485,South
1049,120.5,22.45,198538,2483467,South
1050,120.55,22.45,203684,2483451,South
1051,120.6,22.45,208830,2483436,South
1052,120.65,22.45,213976,2483424,South
1056,120.5,22.4,198519,2477931,South
1057,120.55,22.4,203667,2477915,South
1058,120.6,22.4,208815,2477900,South
1059,120.65,22.4,213963,2477887,South
1065,120.6,22.35,208801,2472364,South
1066,120.65,22.35,213951,2472351,South
1067,120.7,22.35,219100,2472340,South
1069,120.8,22.35,229400,2472323,South
1072,120.65,22.3,213938,2466815,South
1073,120.7,22.3,219089,2466804,South
1074,120.75,22.3,224241,2466794,South
1075,120.8,22.3,229393,2466787,South
1076,120.65,22.25,213925,2461279,South
1077,120.7,22.25,219078,2461267,South
1078,120.75,22.25,224232,2461258,South
1079,120.8,22.25,229385,2461250,South
1080,120.85,22.25,234539,2461244,South
1081,120.9,22.25,239693,2461240,South
1082,120.7,22.2,219067,2455731,South
1083,120.75,22.2,224223,2455722,South
1084,120.8,22.2,229378,2455714,South
1085,120.85,22.2,234534,2455708,South
1086,120.9,22.2,239689,2455704,South
1087,120.7,22.15,219057,2450195,South
1088,120.75,22.15,224214,2450186,South
1089,120.8,22.15,229371,2450178,South
1090,120.85,22.15,234528,2450172,South
1091,120.9,22.15,239685,2450168,South
1092,120.7,22.1,219046,2444659,South
1093,120.75,22.1,224205,2444650,South
1094,120.8,22.1,229364,2444642,South
1095,120.85,22.1,234523,2444636,South
1096,120.9,22.1,239682,2444632,South
1097,120.7,22.05,219035,2439123,South
1098,120.75,22.05,224196,2439114,South
1099,120.8,22.05,229356,2439106,South
1100,120.85,22.05,234517,2439100,South
1101,120.9,22.05,239678,2439096,South
1102,120.7,22,219024,2433587,South
1103,120.75,22,224186,2433578,South
1104,120.8,22,229349,2433570,South
1105,120.85,22,234512,2433564,South
1107,120.7,21.95,219013,2428051,South
1109,120.8,21.95,229342,2428034,South
1113,120.85,21.9,234501,2422492,South
1126,120.85,22.3,234545,2466781,East
1130,120.85,22.35,234550,2472317,East
1134,120.85,22.4,234556,2477853,East
1135,120.9,22.4,239704,2477849,East
1139,120.85,22.45,234561,2483389,East
1140,120.9,22.45,239707,2483385,East
1144,120.85,22.5,234567,2488926,East
1145,120.9,22.5,239711,2488921,East
1150,120.9,22.55,239715,2494458,East
1151,120.95,22.55,244857,2494455,East
1156,120.9,22.6,239718,2499994,East
1157,120.95,22.6,244859,2499991,East
1158,121,22.6,250000,2499991,East
1162,120.9,22.65,239722,2505530,East
1163,120.95,22.65,244861,2505528,East
1164,121,22.65,250000,2505527,East
1172,121,22.7,250000,2511063,East
1173,121.05,22.7,255136,2511064,East
1174,121.1,22.7,260273,2511067,East
1180,121,22.75,250000,2516600,East
1181,121.05,22.75,255135,2516601,East
1182,121.1,22.75,260270,2516603,East
1183,121.15,22.75,265405,2516608,East
1188,121,22.8,250000,2522136,East
1189,121.05,22.8,255133,2522137,East
1190,121.1,22.8,260266,2522140,East
1191,121.15,22.8,265399,2522144,East
1197,121.05,22.85,255131,2527674,East
1198,121.1,22.85,260262,2527676,East
1199,121.15,22.85,265393,2527681,East
1200,121.2,22.85,270525,2527687,East
1206,121.05,22.9,255129,2533210,East
1207,121.1,22.9,260258,2533213,East
1208,121.15,22.9,265388,2533217,East
1209,121.2,22.9,270517,2533223,East
1210,121.25,22.9,275646,2533231,East
1216,121.05,22.95,255127,2538747,East
1217,121.1,22.95,260255,2538749,East
1218,121.15,22.95,265382,2538754,East
1219,121.2,22.95,270510,2538760,East
1220,121.25,22.95,275637,2538768,East
1227,121.1,23,260251,2544286,East
1228,121.15,23,265376,2544290,East
1229,121.2,23,270502,2544297,East
1230,121.25,23,275628,2544304,East
1231,121.3,23,280753,2544314,East
1238,121.1,23.05,260247,2549823,East
1239,121.15,23.05,265371,2549827,East
1240,121.2,23.05,270494,2549833,East
1241,121.25,23.05,275618,2549841,East
1242,121.3,23.05,280742,2549851,East
1249,121.15,23.1,265365,2555364,East
1250,121.2,23.1,270487,2555370,East
1251,121.25,23.1,275609,2555378,East
1252,121.3,23.1,280731,2555388,East
1253,121.35,23.1,285852,2555399,East
1260,121.15,23.15,265359,2560901,East
1261,121.2,23.15,270479,2560907,East
1262,121.25,23.15,275599,2560915,East
1263,121.3,23.15,280719,2560924,East
1264,121.35,23.15,285839,2560936,East
1265,121.4,23.15,290959,2560949,East
1272,121.2,23.2,270472,2566444,East
1273,121.25,23.2,275590,2566451,East
1274,121.3,23.2,280708,2566461,East
1275,121.35,23.2,285826,2566473,East
1283,121.2,23.25,270464,2571980,East
1284,121.25,23.25,275580,2571988,East
1285,121.3,23.25,280696,2571998,East
1286,121.35,23.25,285813,2572009,East
1287,121.4,23.25,290929,2572023,East
1295,121.25,23.3,275571,2577525,East
1296,121.3,23.3,280685,2577535,East
1297,121.35,23.3,285799,2577546,East
1298,121.4,23.3,290913,2577560,East
1299,121.45,23.3,296028,2577575,East
1305,121.25,23.35,275561,2583062,East
1306,121.3,23.35,280673,2583072,East
1307,121.35,23.35,285786,2583083,East
1308,121.4,23.35,290898,2583097,East
1309,121.45,23.35,296011,2583112,East
1315,121.25,23.4,275551,2588599,East
1316,121.3,23.4,280662,2588609,East
1317,121.35,23.4,285772,2588620,East
1318,121.4,23.4,290883,2588634,East
1319,121.45,23.4,295993,2588649,East
1327,121.3,23.45,280650,2594146,East
1328,121.35,23.45,285759,2594157,East
1329,121.4,23.45,290867,2594171,East
1330,121.45,23.45,295976,2594186,East
1337,121.3,23.5,280639,2599683,East
1338,121.35,23.5,285745,2599694,East
1339,121.4,23.5,290852,2599708,East
1340,121.45,23.5,295959,2599723,East
1341,121.5,23.5,301065,2599740,East
1345,121.3,23.55,280627,2605220,East
1346,121.35,23.55,285732,2605231,East
1347,121.4,23.55,290837,2605245,East
1348,121.45,23.55,295941,2605260,East
1349,121.5,23.55,301046,2605277,East
1353,121.3,23.6,280616,2610757,East
1354,121.35,23.6,285718,2610769,East
1355,121.4,23.6,290821,2610782,East
1356,121.45,23.6,295924,2610797,East
1357,121.5,23.6,301027,2610814,East
1362,121.35,23.65,285705,2616306,East
1363,121.4,23.65,290806,2616319,East
1364,121.45,23.65,295907,2616334,East
1365,121.5,23.65,301007,2616351,East
1369,121.35,23.7,285691,2621843,East
1370,121.4,23.7,290790,2621856,East
1371,121.45,23.7,295889,2621872,East
1372,121.5,23.7,300988,2621889,East
1373,121.55,23.7,306087,2621907,East
1377,121.35,23.75,285678,2627380,East
1378,121.4,23.75,290775,2627394,East
1379,121.45,23.75,295872,2627409,East
1380,121.5,23.75,300969,2627426,East
1381,121.55,23.75,306066,2627445,East
1386,121.4,23.8,290759,2632931,East
1387,121.45,23.8,295854,2632946,East
1388,121.5,23.8,300949,2632963,East
1389,121.55,23.8,306044,2632982,East
1394,121.4,23.85,290743,2638468,East
1395,121.45,23.85,295836,2638483,East
1396,121.5,23.85,300930,2638501,East
1397,121.55,23.85,306023,2638519,East
1403,121.45,23.9,295819,2644021,East
1404,121.5,23.9,300910,2644038,East
1405,121.55,23.9,306001,2644057,East
1406,121.6,23.9,311092,2644078,East
1412,121.5,23.95,300890,2649575,East
1413,121.55,23.95,305980,2649594,East
1414,121.6,23.95,311069,2649615,East
1421,121.5,24,300871,2655113,East
1422,121.55,24,305958,2655132,East
1423,121.6,24,311045,2655153,East
1424,121.65,24,316132,2655175,East
1429,121.5,24.05,300851,2660650,East
1430,121.55,24.05,305936,2660669,East
1431,121.6,24.05,311022,2660690,East
1438,121.55,24.1,305915,2666207,East
1439,121.6,24.1,310998,2666228,East
1446,121.55,24.15,305893,2671745,East
1447,121.6,24.15,310974,2671765,East
1448,121.65,24.15,316056,2671788,East
1454,121.55,24.2,305871,2677282,East
1455,121.6,24.2,310950,2677303,East
1456,121.65,24.2,316030,2677326,East
1522,121.55,24.55,305718,2716047,East
1523,121.6,24.55,310783,2716068,East
1524,121.65,24.55,315848,2716091,East
1525,121.7,24.55,320914,2716116,East
1526,121.75,24.55,325979,2716142,East
1527,121.8,24.55,331045,2716171,East
1528,121.85,24.55,336110,2716201,East
1532,121.55,24.6,305695,2721585,East
1533,121.6,24.6,310759,2721606,East
1534,121.65,24.6,315822,2721629,East
1535,121.7,24.6,320886,2721654,East
1536,121.75,24.6,325949,2721680,East
1537,121.8,24.6,331013,2721709,East
1538,121.85,24.6,336076,2721739,East
1542,121.55,24.65,305673,2727123,East
1543,121.6,24.65,310735,2727144,East
1544,121.65,24.65,315796,2727167,East
1545,121.7,24.65,320857,2727192,East
1546,121.75,24.65,325919,2727219,East
1547,121.8,24.65,330980,2727247,East
1550,121.55,24.7,305651,2732661,East
1551,121.6,24.7,310710,2732682,East
1552,121.65,24.7,315770,2732705,East
1553,121.7,24.7,320829,2732730,East
1554,121.75,24.7,325889,2732757,East
1555,121.8,24.7,330948,2732785,East
1557,121.6,24.75,310686,2738220,East
1558,121.65,24.75,315744,2738243,East
1559,121.7,24.75,320801,2738268,East
1560,121.75,24.75,325858,2738295,East
1561,121.8,24.75,330916,2738324,East
1566,121.75,24.8,325828,2743833,East
1567,121.8,24.8,330883,2743862,East
